--active-threshold,--adaptive-aas,--add-aan-start,--add-aas-interval,--algorithm,--app-name,--automata,--block-size,--compress-prec-table,--data-buffer-fetch-size,--duplicate-input-stream,--group-num,--input,--input-len,--input-start-pos,--max-nfa-size,--motivate-worklist-length,--num-state-per-group,--only-exec-cc-with-state-id,--only-exec-ccid,--output-file,--padding,--pc-use-uvm,--precompute-cutoff,--precompute-depth,--quick-validation,--quit-degree,--remove-degree,--report-filename,--report-off,--result-capacity,--split-entire-inputstream-to-chunk-size,--try-adaptive-aas,--tuning,--unique,--unique-frequency,--use-soa,--use-uvm,--validation,-a,-i
,,,,blockinggroups,Brill,,,,,600,1,,1000000,0,-1,,,,,o0-blocking_,,,,,9038877,false,false,,false,54619400,1000000,,,false,10,false,false,,/ngAP/automata_benchmark_original/AutomataZoo/Brill/benchmarks/anml_remove_or/automata_0.anml,/ngAP/automata_benchmark_original/AutomataZoo/Brill/benchmarks/inputs/brown_corpus.txt
,,0,1,NAPgroups,Brill,,,,25600,600,1,,1000000,0,-1,,,,,o0-nonblocking-NAP_,,,,,9038877,false,false,,false,54619400,1000000,,,false,10,false,false,,/ngAP/automata_benchmark_original/AutomataZoo/Brill/benchmarks/anml_remove_or/automata_0.anml,/ngAP/automata_benchmark_original/AutomataZoo/Brill/benchmarks/inputs/brown_corpus.txt
,,256,256,nonblockinggroups,Brill,,,,25600,600,1,,1000000,0,-1,,,,,o1-nonblocking_,,,,,9038877,false,false,,false,54619400,1000000,,,false,10,false,false,,/ngAP/automata_benchmark_original/AutomataZoo/Brill/benchmarks/anml_remove_or/automata_0.anml,/ngAP/automata_benchmark_original/AutomataZoo/Brill/benchmarks/inputs/brown_corpus.txt
0,,256,256,nonblockingr1groups,Brill,,,,25600,600,1,,1000000,0,-1,,,,,o4-nonblocking-r1f_,,,,,9038877,false,false,,false,54619400,1000000,,,false,10,false,false,,/ngAP/automata_benchmark_original/AutomataZoo/Brill/benchmarks/anml_remove_or/automata_0.anml,/ngAP/automata_benchmark_original/AutomataZoo/Brill/benchmarks/inputs/brown_corpus.txt
,,256,256,nonblockingpcgroups,Brill,,,true,25600,600,1,,1000000,0,-1,,,,,o3-nonblocking-p3_,,false,-1,3,9038877,false,false,,false,54619400,1000000,,,false,10,false,false,,/ngAP/automata_benchmark_original/AutomataZoo/Brill/benchmarks/anml_remove_or/automata_0.anml,/ngAP/automata_benchmark_original/AutomataZoo/Brill/benchmarks/inputs/brown_corpus.txt
16,,256,256,nonblockingallgroups,Brill,,,true,25600,600,1,,1000000,0,-1,,,,,oa-nonblocking-all-p3r1_,,false,-1,3,9038877,false,false,,false,54619400,1000000,,,false,10,false,false,,/ngAP/automata_benchmark_original/AutomataZoo/Brill/benchmarks/anml_remove_or/automata_0.anml,/ngAP/automata_benchmark_original/AutomataZoo/Brill/benchmarks/inputs/brown_corpus.txt
0,,256,256,nonblockingallgroups,Brill,,,true,25600,600,1,,1000000,0,-1,,,,,oa-nonblocking-all-p3r1f_,,false,-1,3,9038877,false,false,,false,54619400,1000000,,,false,10,false,false,,/ngAP/automata_benchmark_original/AutomataZoo/Brill/benchmarks/anml_remove_or/automata_0.anml,/ngAP/automata_benchmark_original/AutomataZoo/Brill/benchmarks/inputs/brown_corpus.txt
,,,,blockinggroups,EntityResolution,,,,,600,1,,1000000,0,-1,,,,,o0-blocking_,,,,,795,false,false,,false,54619400,1000000,,,false,10,false,false,,/ngAP/automata_benchmark_original/AutomataZoo/EntityResolution/benchmarks/anml_remove_or/automata_0.anml,/ngAP/automata_benchmark_original/AutomataZoo/EntityResolution/benchmarks/inputs/1m_names.input
,,0,1,NAPgroups,EntityResolution,,,,25600,600,1,,1000000,0,-1,,,,,o0-nonblocking-NAP_,,,,,795,false,false,,false,54619400,1000000,,,false,10,false,false,,/ngAP/automata_benchmark_original/AutomataZoo/EntityResolution/benchmarks/anml_remove_or/automata_0.anml,/ngAP/automata_benchmark_original/AutomataZoo/EntityResolution/benchmarks/inputs/1m_names.input
,,256,256,nonblockinggroups,EntityResolution,,,,25600,600,1,,1000000,0,-1,,,,,o1-nonblocking_,,,,,795,false,false,,false,54619400,1000000,,,false,10,false,false,,/ngAP/automata_benchmark_original/AutomataZoo/EntityResolution/benchmarks/anml_remove_or/automata_0.anml,/ngAP/automata_benchmark_original/AutomataZoo/EntityResolution/benchmarks/inputs/1m_names.input
0,,256,256,nonblockingr1groups,EntityResolution,,,,25600,600,1,,1000000,0,-1,,,,,o4-nonblocking-r1f_,,,,,795,false,false,,false,54619400,1000000,,,false,10,false,false,,/ngAP/automata_benchmark_original/AutomataZoo/EntityResolution/benchmarks/anml_remove_or/automata_0.anml,/ngAP/automata_benchmark_original/AutomataZoo/EntityResolution/benchmarks/inputs/1m_names.input
,,256,256,nonblockingpcgroups,EntityResolution,,,true,25600,600,1,,1000000,0,-1,,,,,o3-nonblocking-p3_,,false,-1,3,795,false,false,,false,54619400,1000000,,,false,10,false,false,,/ngAP/automata_benchmark_original/AutomataZoo/EntityResolution/benchmarks/anml_remove_or/automata_0.anml,/ngAP/automata_benchmark_original/AutomataZoo/EntityResolution/benchmarks/inputs/1m_names.input
16,,256,256,nonblockingallgroups,EntityResolution,,,true,25600,600,1,,1000000,0,-1,,,,,oa-nonblocking-all-p3r1_,,false,-1,3,795,false,false,,false,54619400,1000000,,,false,10,false,false,,/ngAP/automata_benchmark_original/AutomataZoo/EntityResolution/benchmarks/anml_remove_or/automata_0.anml,/ngAP/automata_benchmark_original/AutomataZoo/EntityResolution/benchmarks/inputs/1m_names.input
0,,256,256,nonblockingallgroups,EntityResolution,,,true,25600,600,1,,1000000,0,-1,,,,,oa-nonblocking-all-p3r1f_,,false,-1,3,795,false,false,,false,54619400,1000000,,,false,10,false,false,,/ngAP/automata_benchmark_original/AutomataZoo/EntityResolution/benchmarks/anml_remove_or/automata_0.anml,/ngAP/automata_benchmark_original/AutomataZoo/EntityResolution/benchmarks/inputs/1m_names.input
,,,,blockinggroups,Dotstar,,,,,600,1,,1000000,0,-1,,,,,o0-blocking_,,,,,0,false,false,,false,54619400,1000000,,,false,10,false,false,,/ngAP/automata_benchmark_original/ANMLZoo/Dotstar/anml_remove_or/automata_0.anml,/ngAP/automata_benchmark_original/ANMLZoo/Dotstar/inputs/backdoor_10MB.input
,,0,1,NAPgroups,Dotstar,,,,25600,600,1,,1000000,0,-1,,,,,o0-nonblocking-NAP_,,,,,0,false,false,,false,54619400,1000000,,,false,10,false,false,,/ngAP/automata_benchmark_original/ANMLZoo/Dotstar/anml_remove_or/automata_0.anml,/ngAP/automata_benchmark_original/ANMLZoo/Dotstar/inputs/backdoor_10MB.input
,,256,256,nonblockinggroups,Dotstar,,,,25600,600,1,,1000000,0,-1,,,,,o1-nonblocking_,,,,,0,false,false,,false,54619400,1000000,,,false,10,false,false,,/ngAP/automata_benchmark_original/ANMLZoo/Dotstar/anml_remove_or/automata_0.anml,/ngAP/automata_benchmark_original/ANMLZoo/Dotstar/inputs/backdoor_10MB.input
0,,256,256,nonblockingr1groups,Dotstar,,,,25600,600,1,,1000000,0,-1,,,,,o4-nonblocking-r1f_,,,,,0,false,false,,false,54619400,1000000,,,false,10,false,false,,/ngAP/automata_benchmark_original/ANMLZoo/Dotstar/anml_remove_or/automata_0.anml,/ngAP/automata_benchmark_original/ANMLZoo/Dotstar/inputs/backdoor_10MB.input
,,256,256,nonblockingpcgroups,Dotstar,,,true,25600,600,1,,1000000,0,-1,,,,,o3-nonblocking-p3_,,false,-1,3,0,false,false,,false,54619400,1000000,,,false,10,false,false,,/ngAP/automata_benchmark_original/ANMLZoo/Dotstar/anml_remove_or/automata_0.anml,/ngAP/automata_benchmark_original/ANMLZoo/Dotstar/inputs/backdoor_10MB.input
16,,256,256,nonblockingallgroups,Dotstar,,,true,25600,600,1,,1000000,0,-1,,,,,oa-nonblocking-all-p3r1_,,false,-1,3,0,false,false,,false,54619400,1000000,,,false,10,false,false,,/ngAP/automata_benchmark_original/ANMLZoo/Dotstar/anml_remove_or/automata_0.anml,/ngAP/automata_benchmark_original/ANMLZoo/Dotstar/inputs/backdoor_10MB.input
0,,256,256,nonblockingallgroups,Dotstar,,,true,25600,600,1,,1000000,0,-1,,,,,oa-nonblocking-all-p3r1f_,,false,-1,3,0,false,false,,false,54619400,1000000,,,false,10,false,false,,/ngAP/automata_benchmark_original/ANMLZoo/Dotstar/anml_remove_or/automata_0.anml,/ngAP/automata_benchmark_original/ANMLZoo/Dotstar/inputs/backdoor_10MB.input
,,,,blockinggroups,PowerEN,,,,,600,1,,1000000,0,-1,,,,,o0-blocking_,,,,,4304,false,false,,false,54619400,1000000,,,false,10,false,false,,/ngAP/automata_benchmark_original/ANMLZoo/PowerEN/anml_remove_or/automata_0.anml,/ngAP/automata_benchmark_original/ANMLZoo/PowerEN/inputs/poweren_10MB.input
,,0,1,NAPgroups,PowerEN,,,,25600,600,1,,1000000,0,-1,,,,,o0-nonblocking-NAP_,,,,,4304,false,false,,false,54619400,1000000,,,false,10,false,false,,/ngAP/automata_benchmark_original/ANMLZoo/PowerEN/anml_remove_or/automata_0.anml,/ngAP/automata_benchmark_original/ANMLZoo/PowerEN/inputs/poweren_10MB.input
,,256,256,nonblockinggroups,PowerEN,,,,25600,600,1,,1000000,0,-1,,,,,o1-nonblocking_,,,,,4304,false,false,,false,54619400,1000000,,,false,10,false,false,,/ngAP/automata_benchmark_original/ANMLZoo/PowerEN/anml_remove_or/automata_0.anml,/ngAP/automata_benchmark_original/ANMLZoo/PowerEN/inputs/poweren_10MB.input
0,,256,256,nonblockingr1groups,PowerEN,,,,25600,600,1,,1000000,0,-1,,,,,o4-nonblocking-r1f_,,,,,4304,false,false,,false,54619400,1000000,,,false,10,false,false,,/ngAP/automata_benchmark_original/ANMLZoo/PowerEN/anml_remove_or/automata_0.anml,/ngAP/automata_benchmark_original/ANMLZoo/PowerEN/inputs/poweren_10MB.input
,,256,256,nonblockingpcgroups,PowerEN,,,true,25600,600,1,,1000000,0,-1,,,,,o3-nonblocking-p3_,,false,-1,3,4304,false,false,,false,54619400,1000000,,,false,10,false,false,,/ngAP/automata_benchmark_original/ANMLZoo/PowerEN/anml_remove_or/automata_0.anml,/ngAP/automata_benchmark_original/ANMLZoo/PowerEN/inputs/poweren_10MB.input
16,,256,256,nonblockingallgroups,PowerEN,,,true,25600,600,1,,1000000,0,-1,,,,,oa-nonblocking-all-p3r1_,,false,-1,3,4304,false,false,,false,54619400,1000000,,,false,10,false,false,,/ngAP/automata_benchmark_original/ANMLZoo/PowerEN/anml_remove_or/automata_0.anml,/ngAP/automata_benchmark_original/ANMLZoo/PowerEN/inputs/poweren_10MB.input
0,,256,256,nonblockingallgroups,PowerEN,,,true,25600,600,1,,1000000,0,-1,,,,,oa-nonblocking-all-p3r1f_,,false,-1,3,4304,false,false,,false,54619400,1000000,,,false,10,false,false,,/ngAP/automata_benchmark_original/ANMLZoo/PowerEN/anml_remove_or/automata_0.anml,/ngAP/automata_benchmark_original/ANMLZoo/PowerEN/inputs/poweren_10MB.input
,,,,blockinggroups,CRISPR_CasOFFinder,,,,,600,1,,1000000,0,-1,,,,,o0-blocking_,,,,,62,false,false,,false,54619400,1000000,,,false,10,false,false,,/ngAP/automata_benchmark_original/AutomataZoo/CRISPR/benchmarks/CasOFFinder/anml_remove_or/automata_0.anml,/ngAP/automata_benchmark_original/AutomataZoo/CRISPR/benchmarks/CasOFFinder/inputs/10MB_G.dna
,,0,1,NAPgroups,CRISPR_CasOFFinder,,,,25600,600,1,,1000000,0,-1,,,,,o0-nonblocking-NAP_,,,,,62,false,false,,false,54619400,1000000,,,false,10,false,false,,/ngAP/automata_benchmark_original/AutomataZoo/CRISPR/benchmarks/CasOFFinder/anml_remove_or/automata_0.anml,/ngAP/automata_benchmark_original/AutomataZoo/CRISPR/benchmarks/CasOFFinder/inputs/10MB_G.dna
,,256,256,nonblockinggroups,CRISPR_CasOFFinder,,,,25600,600,1,,1000000,0,-1,,,,,o1-nonblocking_,,,,,62,false,false,,false,54619400,1000000,,,false,10,false,false,,/ngAP/automata_benchmark_original/AutomataZoo/CRISPR/benchmarks/CasOFFinder/anml_remove_or/automata_0.anml,/ngAP/automata_benchmark_original/AutomataZoo/CRISPR/benchmarks/CasOFFinder/inputs/10MB_G.dna
0,,256,256,nonblockingr1groups,CRISPR_CasOFFinder,,,,25600,600,1,,1000000,0,-1,,,,,o4-nonblocking-r1f_,,,,,62,false,false,,false,54619400,1000000,,,false,10,false,false,,/ngAP/automata_benchmark_original/AutomataZoo/CRISPR/benchmarks/CasOFFinder/anml_remove_or/automata_0.anml,/ngAP/automata_benchmark_original/AutomataZoo/CRISPR/benchmarks/CasOFFinder/inputs/10MB_G.dna
,,256,256,nonblockingpcgroups,CRISPR_CasOFFinder,,,true,25600,600,1,,1000000,0,-1,,,,,o3-nonblocking-p3_,,false,-1,3,62,false,false,,false,54619400,1000000,,,false,10,false,false,,/ngAP/automata_benchmark_original/AutomataZoo/CRISPR/benchmarks/CasOFFinder/anml_remove_or/automata_0.anml,/ngAP/automata_benchmark_original/AutomataZoo/CRISPR/benchmarks/CasOFFinder/inputs/10MB_G.dna
16,,256,256,nonblockingallgroups,CRISPR_CasOFFinder,,,true,25600,600,1,,1000000,0,-1,,,,,oa-nonblocking-all-p3r1_,,false,-1,3,62,false,false,,false,54619400,1000000,,,false,10,false,false,,/ngAP/automata_benchmark_original/AutomataZoo/CRISPR/benchmarks/CasOFFinder/anml_remove_or/automata_0.anml,/ngAP/automata_benchmark_original/AutomataZoo/CRISPR/benchmarks/CasOFFinder/inputs/10MB_G.dna
0,,256,256,nonblockingallgroups,CRISPR_CasOFFinder,,,true,25600,600,1,,1000000,0,-1,,,,,oa-nonblocking-all-p3r1f_,,false,-1,3,62,false,false,,false,54619400,1000000,,,false,10,false,false,,/ngAP/automata_benchmark_original/AutomataZoo/CRISPR/benchmarks/CasOFFinder/anml_remove_or/automata_0.anml,/ngAP/automata_benchmark_original/AutomataZoo/CRISPR/benchmarks/CasOFFinder/inputs/10MB_G.dna
,,,,blockinggroups,CRISPR_CasOT,,,,,600,1,,1000000,0,-1,,,,,o0-blocking_,,,,,52,false,false,,false,54619400,1000000,,,false,10,false,false,,/ngAP/automata_benchmark_original/AutomataZoo/CRISPR/benchmarks/CasOT/anml_remove_or/automata_0.anml,/ngAP/automata_benchmark_original/AutomataZoo/CRISPR/benchmarks/CasOT/inputs/10MB_H.dna
,,0,1,NAPgroups,CRISPR_CasOT,,,,25600,600,1,,1000000,0,-1,,,,,o0-nonblocking-NAP_,,,,,52,false,false,,false,54619400,1000000,,,false,10,false,false,,/ngAP/automata_benchmark_original/AutomataZoo/CRISPR/benchmarks/CasOT/anml_remove_or/automata_0.anml,/ngAP/automata_benchmark_original/AutomataZoo/CRISPR/benchmarks/CasOT/inputs/10MB_H.dna
,,256,256,nonblockinggroups,CRISPR_CasOT,,,,25600,600,1,,1000000,0,-1,,,,,o1-nonblocking_,,,,,52,false,false,,false,54619400,1000000,,,false,10,false,false,,/ngAP/automata_benchmark_original/AutomataZoo/CRISPR/benchmarks/CasOT/anml_remove_or/automata_0.anml,/ngAP/automata_benchmark_original/AutomataZoo/CRISPR/benchmarks/CasOT/inputs/10MB_H.dna
0,,256,256,nonblockingr1groups,CRISPR_CasOT,,,,25600,600,1,,1000000,0,-1,,,,,o4-nonblocking-r1f_,,,,,52,false,false,,false,54619400,1000000,,,false,10,false,false,,/ngAP/automata_benchmark_original/AutomataZoo/CRISPR/benchmarks/CasOT/anml_remove_or/automata_0.anml,/ngAP/automata_benchmark_original/AutomataZoo/CRISPR/benchmarks/CasOT/inputs/10MB_H.dna
,,256,256,nonblockingpcgroups,CRISPR_CasOT,,,true,25600,600,1,,1000000,0,-1,,,,,o3-nonblocking-p3_,,false,-1,3,52,false,false,,false,54619400,1000000,,,false,10,false,false,,/ngAP/automata_benchmark_original/AutomataZoo/CRISPR/benchmarks/CasOT/anml_remove_or/automata_0.anml,/ngAP/automata_benchmark_original/AutomataZoo/CRISPR/benchmarks/CasOT/inputs/10MB_H.dna
16,,256,256,nonblockingallgroups,CRISPR_CasOT,,,true,25600,600,1,,1000000,0,-1,,,,,oa-nonblocking-all-p3r1_,,false,-1,3,52,false,false,,false,54619400,1000000,,,false,10,false,false,,/ngAP/automata_benchmark_original/AutomataZoo/CRISPR/benchmarks/CasOT/anml_remove_or/automata_0.anml,/ngAP/automata_benchmark_original/AutomataZoo/CRISPR/benchmarks/CasOT/inputs/10MB_H.dna
0,,256,256,nonblockingallgroups,CRISPR_CasOT,,,true,25600,600,1,,1000000,0,-1,,,,,oa-nonblocking-all-p3r1f_,,false,-1,3,52,false,false,,false,54619400,1000000,,,false,10,false,false,,/ngAP/automata_benchmark_original/AutomataZoo/CRISPR/benchmarks/CasOT/anml_remove_or/automata_0.anml,/ngAP/automata_benchmark_original/AutomataZoo/CRISPR/benchmarks/CasOT/inputs/10MB_H.dna
,,,,blockinggroups,RandomForest_20_400_200,,,,,600,1,,1000000,0,-1,,,,,o0-blocking_,,,,,0,false,false,,false,54619400,1000000,,,false,10,false,false,,/ngAP/automata_benchmark_original/AutomataZoo/RandomForest/benchmarks/anml_remove_or/automata_0.anml,/ngAP/automata_benchmark_original/AutomataZoo/RandomForest/benchmarks/inputs/20_400_200_inputs/input_features_large.bin
,,0,1,NAPgroups,RandomForest_20_400_200,,,,25600,600,1,,1000000,0,-1,,,,,o0-nonblocking-NAP_,,,,,0,false,false,,false,54619400,1000000,,,false,10,false,false,,/ngAP/automata_benchmark_original/AutomataZoo/RandomForest/benchmarks/anml_remove_or/automata_0.anml,/ngAP/automata_benchmark_original/AutomataZoo/RandomForest/benchmarks/inputs/20_400_200_inputs/input_features_large.bin
,,256,256,nonblockinggroups,RandomForest_20_400_200,,,,25600,600,1,,1000000,0,-1,,,,,o1-nonblocking_,,,,,0,false,false,,false,54619400,1000000,,,false,10,false,false,,/ngAP/automata_benchmark_original/AutomataZoo/RandomForest/benchmarks/anml_remove_or/automata_0.anml,/ngAP/automata_benchmark_original/AutomataZoo/RandomForest/benchmarks/inputs/20_400_200_inputs/input_features_large.bin
0,,256,256,nonblockingr1groups,RandomForest_20_400_200,,,,25600,600,1,,1000000,0,-1,,,,,o4-nonblocking-r1f_,,,,,0,false,false,,false,54619400,1000000,,,false,10,false,false,,/ngAP/automata_benchmark_original/AutomataZoo/RandomForest/benchmarks/anml_remove_or/automata_0.anml,/ngAP/automata_benchmark_original/AutomataZoo/RandomForest/benchmarks/inputs/20_400_200_inputs/input_features_large.bin
,,256,256,nonblockingpcgroups,RandomForest_20_400_200,,,true,25600,600,1,,1000000,0,-1,,,,,o3-nonblocking-p3_,,false,-1,3,0,false,false,,false,54619400,1000000,,,false,10,false,false,,/ngAP/automata_benchmark_original/AutomataZoo/RandomForest/benchmarks/anml_remove_or/automata_0.anml,/ngAP/automata_benchmark_original/AutomataZoo/RandomForest/benchmarks/inputs/20_400_200_inputs/input_features_large.bin
16,,256,256,nonblockingallgroups,RandomForest_20_400_200,,,true,25600,600,1,,1000000,0,-1,,,,,oa-nonblocking-all-p3r1_,,false,-1,3,0,false,false,,false,54619400,1000000,,,false,10,false,false,,/ngAP/automata_benchmark_original/AutomataZoo/RandomForest/benchmarks/anml_remove_or/automata_0.anml,/ngAP/automata_benchmark_original/AutomataZoo/RandomForest/benchmarks/inputs/20_400_200_inputs/input_features_large.bin
0,,256,256,nonblockingallgroups,RandomForest_20_400_200,,,true,25600,600,1,,1000000,0,-1,,,,,oa-nonblocking-all-p3r1f_,,false,-1,3,0,false,false,,false,54619400,1000000,,,false,10,false,false,,/ngAP/automata_benchmark_original/AutomataZoo/RandomForest/benchmarks/anml_remove_or/automata_0.anml,/ngAP/automata_benchmark_original/AutomataZoo/RandomForest/benchmarks/inputs/20_400_200_inputs/input_features_large.bin
,,,,blockinggroups,RandomForest_20_400_270,,,,,600,1,,1000000,0,-1,,,,,o0-blocking_,,,,,0,false,false,,false,54619400,1000000,,,false,10,false,false,,/ngAP/automata_benchmark_original/AutomataZoo/RandomForest/benchmarks/anml_remove_or/automata_0.anml,/ngAP/automata_benchmark_original/AutomataZoo/RandomForest/benchmarks/inputs/20_400_270_inputs/input_features_large.bin
,,0,1,NAPgroups,RandomForest_20_400_270,,,,25600,600,1,,1000000,0,-1,,,,,o0-nonblocking-NAP_,,,,,0,false,false,,false,54619400,1000000,,,false,10,false,false,,/ngAP/automata_benchmark_original/AutomataZoo/RandomForest/benchmarks/anml_remove_or/automata_0.anml,/ngAP/automata_benchmark_original/AutomataZoo/RandomForest/benchmarks/inputs/20_400_270_inputs/input_features_large.bin
,,256,256,nonblockinggroups,RandomForest_20_400_270,,,,25600,600,1,,1000000,0,-1,,,,,o1-nonblocking_,,,,,0,false,false,,false,54619400,1000000,,,false,10,false,false,,/ngAP/automata_benchmark_original/AutomataZoo/RandomForest/benchmarks/anml_remove_or/automata_0.anml,/ngAP/automata_benchmark_original/AutomataZoo/RandomForest/benchmarks/inputs/20_400_270_inputs/input_features_large.bin
0,,256,256,nonblockingr1groups,RandomForest_20_400_270,,,,25600,600,1,,1000000,0,-1,,,,,o4-nonblocking-r1f_,,,,,0,false,false,,false,54619400,1000000,,,false,10,false,false,,/ngAP/automata_benchmark_original/AutomataZoo/RandomForest/benchmarks/anml_remove_or/automata_0.anml,/ngAP/automata_benchmark_original/AutomataZoo/RandomForest/benchmarks/inputs/20_400_270_inputs/input_features_large.bin
,,256,256,nonblockingpcgroups,RandomForest_20_400_270,,,true,25600,600,1,,1000000,0,-1,,,,,o3-nonblocking-p3_,,false,-1,3,0,false,false,,false,54619400,1000000,,,false,10,false,false,,/ngAP/automata_benchmark_original/AutomataZoo/RandomForest/benchmarks/anml_remove_or/automata_0.anml,/ngAP/automata_benchmark_original/AutomataZoo/RandomForest/benchmarks/inputs/20_400_270_inputs/input_features_large.bin
16,,256,256,nonblockingallgroups,RandomForest_20_400_270,,,true,25600,600,1,,1000000,0,-1,,,,,oa-nonblocking-all-p3r1_,,false,-1,3,0,false,false,,false,54619400,1000000,,,false,10,false,false,,/ngAP/automata_benchmark_original/AutomataZoo/RandomForest/benchmarks/anml_remove_or/automata_0.anml,/ngAP/automata_benchmark_original/AutomataZoo/RandomForest/benchmarks/inputs/20_400_270_inputs/input_features_large.bin
0,,256,256,nonblockingallgroups,RandomForest_20_400_270,,,true,25600,600,1,,1000000,0,-1,,,,,oa-nonblocking-all-p3r1f_,,false,-1,3,0,false,false,,false,54619400,1000000,,,false,10,false,false,,/ngAP/automata_benchmark_original/AutomataZoo/RandomForest/benchmarks/anml_remove_or/automata_0.anml,/ngAP/automata_benchmark_original/AutomataZoo/RandomForest/benchmarks/inputs/20_400_270_inputs/input_features_large.bin
,,,,blockinggroups,RandomForest_20_800_200,,,,,600,1,,1000000,0,-1,,,,,o0-blocking_,,,,,99500,false,false,,false,54619400,1000000,,,false,10,false,false,,/ngAP/automata_benchmark_original/AutomataZoo/RandomForest/benchmarks/anml_remove_or/automata_0.anml,/ngAP/automata_benchmark_original/AutomataZoo/RandomForest/benchmarks/inputs/20_800_200/input_features_large.bin
,,0,1,NAPgroups,RandomForest_20_800_200,,,,25600,600,1,,1000000,0,-1,,,,,o0-nonblocking-NAP_,,,,,99500,false,false,,false,54619400,1000000,,,false,10,false,false,,/ngAP/automata_benchmark_original/AutomataZoo/RandomForest/benchmarks/anml_remove_or/automata_0.anml,/ngAP/automata_benchmark_original/AutomataZoo/RandomForest/benchmarks/inputs/20_800_200/input_features_large.bin
,,256,256,nonblockinggroups,RandomForest_20_800_200,,,,25600,600,1,,1000000,0,-1,,,,,o1-nonblocking_,,,,,99500,false,false,,false,54619400,1000000,,,false,10,false,false,,/ngAP/automata_benchmark_original/AutomataZoo/RandomForest/benchmarks/anml_remove_or/automata_0.anml,/ngAP/automata_benchmark_original/AutomataZoo/RandomForest/benchmarks/inputs/20_800_200/input_features_large.bin
0,,256,256,nonblockingr1groups,RandomForest_20_800_200,,,,25600,600,1,,1000000,0,-1,,,,,o4-nonblocking-r1f_,,,,,99500,false,false,,false,54619400,1000000,,,false,10,false,false,,/ngAP/automata_benchmark_original/AutomataZoo/RandomForest/benchmarks/anml_remove_or/automata_0.anml,/ngAP/automata_benchmark_original/AutomataZoo/RandomForest/benchmarks/inputs/20_800_200/input_features_large.bin
,,256,256,nonblockingpcgroups,RandomForest_20_800_200,,,true,25600,600,1,,1000000,0,-1,,,,,o3-nonblocking-p3_,,false,-1,3,99500,false,false,,false,54619400,1000000,,,false,10,false,false,,/ngAP/automata_benchmark_original/AutomataZoo/RandomForest/benchmarks/anml_remove_or/automata_0.anml,/ngAP/automata_benchmark_original/AutomataZoo/RandomForest/benchmarks/inputs/20_800_200/input_features_large.bin
16,,256,256,nonblockingallgroups,RandomForest_20_800_200,,,true,25600,600,1,,1000000,0,-1,,,,,oa-nonblocking-all-p3r1_,,false,-1,3,99500,false,false,,false,54619400,1000000,,,false,10,false,false,,/ngAP/automata_benchmark_original/AutomataZoo/RandomForest/benchmarks/anml_remove_or/automata_0.anml,/ngAP/automata_benchmark_original/AutomataZoo/RandomForest/benchmarks/inputs/20_800_200/input_features_large.bin
0,,256,256,nonblockingallgroups,RandomForest_20_800_200,,,true,25600,600,1,,1000000,0,-1,,,,,oa-nonblocking-all-p3r1f_,,false,-1,3,99500,false,false,,false,54619400,1000000,,,false,10,false,false,,/ngAP/automata_benchmark_original/AutomataZoo/RandomForest/benchmarks/anml_remove_or/automata_0.anml,/ngAP/automata_benchmark_original/AutomataZoo/RandomForest/benchmarks/inputs/20_800_200/input_features_large.bin
,,,,blockinggroups,Hamming_N1000_l18_d3,,,,,600,1,,1000000,0,-1,,,,,o0-blocking_,,,,,345,false,false,,false,54619400,1000000,,,false,10,false,false,,/ngAP/automata_benchmark_original/AutomataZoo/Hamming/benchmarks/N1000_l18_d3/anml_remove_or/automata_0.anml,/ngAP/automata_benchmark_original/AutomataZoo/Hamming/benchmarks/N1000_l18_d3/inputs/10MB_D.DNA
,,0,1,NAPgroups,Hamming_N1000_l18_d3,,,,25600,600,1,,1000000,0,-1,,,,,o0-nonblocking-NAP_,,,,,345,false,false,,false,54619400,1000000,,,false,10,false,false,,/ngAP/automata_benchmark_original/AutomataZoo/Hamming/benchmarks/N1000_l18_d3/anml_remove_or/automata_0.anml,/ngAP/automata_benchmark_original/AutomataZoo/Hamming/benchmarks/N1000_l18_d3/inputs/10MB_D.DNA
,,256,256,nonblockinggroups,Hamming_N1000_l18_d3,,,,25600,600,1,,1000000,0,-1,,,,,o1-nonblocking_,,,,,345,false,false,,false,54619400,1000000,,,false,10,false,false,,/ngAP/automata_benchmark_original/AutomataZoo/Hamming/benchmarks/N1000_l18_d3/anml_remove_or/automata_0.anml,/ngAP/automata_benchmark_original/AutomataZoo/Hamming/benchmarks/N1000_l18_d3/inputs/10MB_D.DNA
0,,256,256,nonblockingr1groups,Hamming_N1000_l18_d3,,,,25600,600,1,,1000000,0,-1,,,,,o4-nonblocking-r1f_,,,,,345,false,false,,false,54619400,1000000,,,false,10,false,false,,/ngAP/automata_benchmark_original/AutomataZoo/Hamming/benchmarks/N1000_l18_d3/anml_remove_or/automata_0.anml,/ngAP/automata_benchmark_original/AutomataZoo/Hamming/benchmarks/N1000_l18_d3/inputs/10MB_D.DNA
,,256,256,nonblockingpcgroups,Hamming_N1000_l18_d3,,,true,25600,600,1,,1000000,0,-1,,,,,o3-nonblocking-p3_,,false,-1,3,345,false,false,,false,54619400,1000000,,,false,10,false,false,,/ngAP/automata_benchmark_original/AutomataZoo/Hamming/benchmarks/N1000_l18_d3/anml_remove_or/automata_0.anml,/ngAP/automata_benchmark_original/AutomataZoo/Hamming/benchmarks/N1000_l18_d3/inputs/10MB_D.DNA
,,256,256,nonblockingpcgroups,Hamming_N1000_l18_d3,,,true,25600,600,1,,1000000,0,-1,,,,,o3-nonblocking-p3_,,false,-1,2,345,false,false,,false,54619400,1000000,,,false,10,false,false,,/ngAP/automata_benchmark_original/AutomataZoo/Hamming/benchmarks/N1000_l18_d3/anml_remove_or/automata_0.anml,/ngAP/automata_benchmark_original/AutomataZoo/Hamming/benchmarks/N1000_l18_d3/inputs/10MB_D.DNA
16,,256,256,nonblockingallgroups,Hamming_N1000_l18_d3,,,true,25600,600,1,,1000000,0,-1,,,,,oa-nonblocking-all-p3r1_,,false,-1,3,345,false,false,,false,54619400,1000000,,,false,10,false,false,,/ngAP/automata_benchmark_original/AutomataZoo/Hamming/benchmarks/N1000_l18_d3/anml_remove_or/automata_0.anml,/ngAP/automata_benchmark_original/AutomataZoo/Hamming/benchmarks/N1000_l18_d3/inputs/10MB_D.DNA
0,,256,256,nonblockingallgroups,Hamming_N1000_l18_d3,,,true,25600,600,1,,1000000,0,-1,,,,,oa-nonblocking-all-p3r1f_,,false,-1,3,345,false,false,,false,54619400,1000000,,,false,10,false,false,,/ngAP/automata_benchmark_original/AutomataZoo/Hamming/benchmarks/N1000_l18_d3/anml_remove_or/automata_0.anml,/ngAP/automata_benchmark_original/AutomataZoo/Hamming/benchmarks/N1000_l18_d3/inputs/10MB_D.DNA
0,,256,256,nonblockingallgroups,Hamming_N1000_l18_d3,,,true,25600,600,1,,1000000,0,-1,,,,,oa-nonblocking-all-p3r1f_,,false,-1,2,345,false,false,,false,54619400,1000000,,,false,10,false,false,,/ngAP/automata_benchmark_original/AutomataZoo/Hamming/benchmarks/N1000_l18_d3/anml_remove_or/automata_0.anml,/ngAP/automata_benchmark_original/AutomataZoo/Hamming/benchmarks/N1000_l18_d3/inputs/10MB_D.DNA
16,,256,256,nonblockingallgroups,Hamming_N1000_l18_d3,,,true,25600,600,1,,1000000,0,-1,,,,,oa-nonblocking-all-p3r1_,,false,-1,2,345,false,false,,false,54619400,1000000,,,false,10,false,false,,/ngAP/automata_benchmark_original/AutomataZoo/Hamming/benchmarks/N1000_l18_d3/anml_remove_or/automata_0.anml,/ngAP/automata_benchmark_original/AutomataZoo/Hamming/benchmarks/N1000_l18_d3/inputs/10MB_D.DNA
,,,,blockinggroups,Hamming_N1000_l22_d5,,,,,600,1,,1000000,0,-1,,,,,o0-blocking_,,,,,-1,false,false,,false,54619400,1000000,,,false,10,false,false,,/ngAP/automata_benchmark_original/AutomataZoo/Hamming/benchmarks/N1000_l22_d5/anml_remove_or/automata_0.anml,/ngAP/automata_benchmark_original/AutomataZoo/Hamming/benchmarks/N1000_l22_d5/inputs/10MB_E.dna
,,0,1,NAPgroups,Hamming_N1000_l22_d5,,,,25600,600,1,,1000000,0,-1,,,,,o0-nonblocking-NAP_,,,,,-1,false,false,,false,54619400,1000000,,,false,10,false,false,,/ngAP/automata_benchmark_original/AutomataZoo/Hamming/benchmarks/N1000_l22_d5/anml_remove_or/automata_0.anml,/ngAP/automata_benchmark_original/AutomataZoo/Hamming/benchmarks/N1000_l22_d5/inputs/10MB_E.dna
,,256,256,nonblockinggroups,Hamming_N1000_l22_d5,,,,25600,600,1,,1000000,0,-1,,,,,o1-nonblocking_,,,,,-1,false,false,,false,54619400,1000000,,,false,10,false,false,,/ngAP/automata_benchmark_original/AutomataZoo/Hamming/benchmarks/N1000_l22_d5/anml_remove_or/automata_0.anml,/ngAP/automata_benchmark_original/AutomataZoo/Hamming/benchmarks/N1000_l22_d5/inputs/10MB_E.dna
0,,256,256,nonblockingr1groups,Hamming_N1000_l22_d5,,,,25600,600,1,,1000000,0,-1,,,,,o4-nonblocking-r1f_,,,,,-1,false,false,,false,54619400,1000000,,,false,10,false,false,,/ngAP/automata_benchmark_original/AutomataZoo/Hamming/benchmarks/N1000_l22_d5/anml_remove_or/automata_0.anml,/ngAP/automata_benchmark_original/AutomataZoo/Hamming/benchmarks/N1000_l22_d5/inputs/10MB_E.dna
,,256,256,nonblockingpcgroups,Hamming_N1000_l22_d5,,,true,25600,600,1,,1000000,0,-1,,,,,o3-nonblocking-p3_,,false,-1,3,-1,false,false,,false,54619400,1000000,,,false,10,false,false,,/ngAP/automata_benchmark_original/AutomataZoo/Hamming/benchmarks/N1000_l22_d5/anml_remove_or/automata_0.anml,/ngAP/automata_benchmark_original/AutomataZoo/Hamming/benchmarks/N1000_l22_d5/inputs/10MB_E.dna
16,,256,256,nonblockingallgroups,Hamming_N1000_l22_d5,,,true,25600,600,1,,1000000,0,-1,,,,,oa-nonblocking-all-p3r1_,,false,-1,3,-1,false,false,,false,54619400,1000000,,,false,10,false,false,,/ngAP/automata_benchmark_original/AutomataZoo/Hamming/benchmarks/N1000_l22_d5/anml_remove_or/automata_0.anml,/ngAP/automata_benchmark_original/AutomataZoo/Hamming/benchmarks/N1000_l22_d5/inputs/10MB_E.dna
0,,256,256,nonblockingallgroups,Hamming_N1000_l22_d5,,,true,25600,600,1,,1000000,0,-1,,,,,oa-nonblocking-all-p3r1f_,,false,-1,3,-1,false,false,,false,54619400,1000000,,,false,10,false,false,,/ngAP/automata_benchmark_original/AutomataZoo/Hamming/benchmarks/N1000_l22_d5/anml_remove_or/automata_0.anml,/ngAP/automata_benchmark_original/AutomataZoo/Hamming/benchmarks/N1000_l22_d5/inputs/10MB_E.dna
,,,,blockinggroups,Hamming_N1000_l31_d10,,,,,600,1,,1000000,0,-1,,,,,o0-blocking_,,,,,-1,false,false,,false,54619400,1000000,,,false,10,false,false,,/ngAP/automata_benchmark_original/AutomataZoo/Hamming/benchmarks/N1000_l31_d10/anml_remove_or/automata_0.anml,/ngAP/automata_benchmark_original/AutomataZoo/Hamming/benchmarks/N1000_l31_d10/inputs/10MB_F.dna
,,0,1,NAPgroups,Hamming_N1000_l31_d10,,,,25600,600,1,,1000000,0,-1,,,,,o0-nonblocking-NAP_,,,,,-1,false,false,,false,54619400,1000000,,,false,10,false,false,,/ngAP/automata_benchmark_original/AutomataZoo/Hamming/benchmarks/N1000_l31_d10/anml_remove_or/automata_0.anml,/ngAP/automata_benchmark_original/AutomataZoo/Hamming/benchmarks/N1000_l31_d10/inputs/10MB_F.dna
,,256,256,nonblockinggroups,Hamming_N1000_l31_d10,,,,25600,600,1,,1000000,0,-1,,,,,o1-nonblocking_,,,,,-1,false,false,,false,54619400,1000000,,,false,10,false,false,,/ngAP/automata_benchmark_original/AutomataZoo/Hamming/benchmarks/N1000_l31_d10/anml_remove_or/automata_0.anml,/ngAP/automata_benchmark_original/AutomataZoo/Hamming/benchmarks/N1000_l31_d10/inputs/10MB_F.dna
0,,256,256,nonblockingr1groups,Hamming_N1000_l31_d10,,,,25600,600,1,,1000000,0,-1,,,,,o4-nonblocking-r1f_,,,,,-1,false,false,,false,54619400,1000000,,,false,10,false,false,,/ngAP/automata_benchmark_original/AutomataZoo/Hamming/benchmarks/N1000_l31_d10/anml_remove_or/automata_0.anml,/ngAP/automata_benchmark_original/AutomataZoo/Hamming/benchmarks/N1000_l31_d10/inputs/10MB_F.dna
,,256,256,nonblockingpcgroups,Hamming_N1000_l31_d10,,,true,25600,600,1,,1000000,0,-1,,,,,o3-nonblocking-p3_,,false,-1,3,-1,false,false,,false,54619400,1000000,,,false,10,false,false,,/ngAP/automata_benchmark_original/AutomataZoo/Hamming/benchmarks/N1000_l31_d10/anml_remove_or/automata_0.anml,/ngAP/automata_benchmark_original/AutomataZoo/Hamming/benchmarks/N1000_l31_d10/inputs/10MB_F.dna
16,,256,256,nonblockingallgroups,Hamming_N1000_l31_d10,,,true,25600,600,1,,1000000,0,-1,,,,,oa-nonblocking-all-p3r1_,,false,-1,3,-1,false,false,,false,54619400,1000000,,,false,10,false,false,,/ngAP/automata_benchmark_original/AutomataZoo/Hamming/benchmarks/N1000_l31_d10/anml_remove_or/automata_0.anml,/ngAP/automata_benchmark_original/AutomataZoo/Hamming/benchmarks/N1000_l31_d10/inputs/10MB_F.dna
0,,256,256,nonblockingallgroups,Hamming_N1000_l31_d10,,,true,25600,600,1,,1000000,0,-1,,,,,oa-nonblocking-all-p3r1f_,,false,-1,3,-1,false,false,,false,54619400,1000000,,,false,10,false,false,,/ngAP/automata_benchmark_original/AutomataZoo/Hamming/benchmarks/N1000_l31_d10/anml_remove_or/automata_0.anml,/ngAP/automata_benchmark_original/AutomataZoo/Hamming/benchmarks/N1000_l31_d10/inputs/10MB_F.dna
,,,,blockinggroups,Levenshtein_l19d3,,,,,600,1,,1000000,0,-1,,,,,o0-blocking_,,,,,719,false,false,,false,54619400,1000000,,,false,10,false,false,,/ngAP/automata_benchmark_original/AutomataZoo/Levenshtein/benchmarks/N1000_l19_d3/anml_remove_or/automata_0.anml,/ngAP/automata_benchmark_original/AutomataZoo/Levenshtein/benchmarks/N1000_l19_d3/inputs/10MB_A.dna
,,0,1,NAPgroups,Levenshtein_l19d3,,,,25600,600,1,,1000000,0,-1,,,,,o0-nonblocking-NAP_,,,,,719,false,false,,false,54619400,1000000,,,false,10,false,false,,/ngAP/automata_benchmark_original/AutomataZoo/Levenshtein/benchmarks/N1000_l19_d3/anml_remove_or/automata_0.anml,/ngAP/automata_benchmark_original/AutomataZoo/Levenshtein/benchmarks/N1000_l19_d3/inputs/10MB_A.dna
,,256,256,nonblockinggroups,Levenshtein_l19d3,,,,25600,600,1,,1000000,0,-1,,,,,o1-nonblocking_,,,,,719,false,false,,false,54619400,1000000,,,false,10,false,true,,/ngAP/automata_benchmark_original/AutomataZoo/Levenshtein/benchmarks/N1000_l19_d3/anml_remove_or/automata_0.anml,/ngAP/automata_benchmark_original/AutomataZoo/Levenshtein/benchmarks/N1000_l19_d3/inputs/10MB_A.dna
0,,256,256,nonblockingr1groups,Levenshtein_l19d3,,,,25600,600,1,,1000000,0,-1,,,,,o4-nonblocking-r1f_,,,,,719,false,false,,false,54619400,1000000,,,false,10,false,true,,/ngAP/automata_benchmark_original/AutomataZoo/Levenshtein/benchmarks/N1000_l19_d3/anml_remove_or/automata_0.anml,/ngAP/automata_benchmark_original/AutomataZoo/Levenshtein/benchmarks/N1000_l19_d3/inputs/10MB_A.dna
,,256,256,nonblockingpcgroups,Levenshtein_l19d3,,,true,25600,600,1,,1000000,0,-1,,,,,o3-nonblocking-p3_,,false,-1,3,719,false,false,,false,54619400,1000000,,,false,10,false,true,,/ngAP/automata_benchmark_original/AutomataZoo/Levenshtein/benchmarks/N1000_l19_d3/anml_remove_or/automata_0.anml,/ngAP/automata_benchmark_original/AutomataZoo/Levenshtein/benchmarks/N1000_l19_d3/inputs/10MB_A.dna
0,,256,256,nonblockingallgroups,Levenshtein_l19d3,,,true,25600,600,1,,1000000,0,-1,,,,,oa-nonblocking-all-p3r1f_,,false,-1,3,719,false,false,,false,54619400,1000000,,,false,10,false,true,,/ngAP/automata_benchmark_original/AutomataZoo/Levenshtein/benchmarks/N1000_l19_d3/anml_remove_or/automata_0.anml,/ngAP/automata_benchmark_original/AutomataZoo/Levenshtein/benchmarks/N1000_l19_d3/inputs/10MB_A.dna
16,,256,256,nonblockingallgroups,Levenshtein_l19d3,,,true,25600,600,1,,1000000,0,-1,,,,,oa-nonblocking-all-p3r1_,,false,-1,3,719,false,false,,false,54619400,1000000,,,false,10,false,true,,/ngAP/automata_benchmark_original/AutomataZoo/Levenshtein/benchmarks/N1000_l19_d3/anml_remove_or/automata_0.anml,/ngAP/automata_benchmark_original/AutomataZoo/Levenshtein/benchmarks/N1000_l19_d3/inputs/10MB_A.dna
,,,,blockinggroups,Levenshtein_l24d5,,,,,600,1,,1000000,0,-1,,,,,o0-blocking_,,,,,-1,false,false,,false,54619400,1000000,,,false,10,false,false,,/ngAP/automata_benchmark_original/AutomataZoo/Levenshtein/benchmarks/N1000_l24_d5/anml_remove_or/automata_0.anml,/ngAP/automata_benchmark_original/AutomataZoo/Levenshtein/benchmarks/N1000_l24_d5/inputs/10MB_B.dna
,,0,1,NAPgroups,Levenshtein_l24d5,,,,25600,600,1,,1000000,0,-1,,,,,o0-nonblocking-NAP_,,,,,-1,false,false,,false,54619400,1000000,,,false,10,false,false,,/ngAP/automata_benchmark_original/AutomataZoo/Levenshtein/benchmarks/N1000_l24_d5/anml_remove_or/automata_0.anml,/ngAP/automata_benchmark_original/AutomataZoo/Levenshtein/benchmarks/N1000_l24_d5/inputs/10MB_B.dna
,,256,256,nonblockinggroups,Levenshtein_l24d5,,,,25600,600,1,,1000000,0,-1,,,,,o1-nonblocking_,,,,,-1,false,false,,false,54619400,1000000,,,false,10,false,false,,/ngAP/automata_benchmark_original/AutomataZoo/Levenshtein/benchmarks/N1000_l24_d5/anml_remove_or/automata_0.anml,/ngAP/automata_benchmark_original/AutomataZoo/Levenshtein/benchmarks/N1000_l24_d5/inputs/10MB_B.dna
0,,256,256,nonblockingr1groups,Levenshtein_l24d5,,,,25600,600,1,,1000000,0,-1,,,,,o4-nonblocking-r1f_,,,,,-1,false,false,,false,54619400,1000000,,,false,10,false,false,,/ngAP/automata_benchmark_original/AutomataZoo/Levenshtein/benchmarks/N1000_l24_d5/anml_remove_or/automata_0.anml,/ngAP/automata_benchmark_original/AutomataZoo/Levenshtein/benchmarks/N1000_l24_d5/inputs/10MB_B.dna
,,256,256,nonblockingpcgroups,Levenshtein_l24d5,,,true,25600,600,1,,1000000,0,-1,,,,,o3-nonblocking-p3_,,false,-1,3,-1,false,false,,false,54619400,1000000,,,false,10,false,false,,/ngAP/automata_benchmark_original/AutomataZoo/Levenshtein/benchmarks/N1000_l24_d5/anml_remove_or/automata_0.anml,/ngAP/automata_benchmark_original/AutomataZoo/Levenshtein/benchmarks/N1000_l24_d5/inputs/10MB_B.dna
16,,256,256,nonblockingallgroups,Levenshtein_l24d5,,,true,25600,600,1,,1000000,0,-1,,,,,oa-nonblocking-all-p3r1_,,false,-1,3,-1,false,false,,false,54619400,1000000,,,false,10,false,false,,/ngAP/automata_benchmark_original/AutomataZoo/Levenshtein/benchmarks/N1000_l24_d5/anml_remove_or/automata_0.anml,/ngAP/automata_benchmark_original/AutomataZoo/Levenshtein/benchmarks/N1000_l24_d5/inputs/10MB_B.dna
0,,256,256,nonblockingallgroups,Levenshtein_l24d5,,,true,25600,600,1,,1000000,0,-1,,,,,oa-nonblocking-all-p3r1f_,,false,-1,3,-1,false,false,,false,54619400,1000000,,,false,10,false,false,,/ngAP/automata_benchmark_original/AutomataZoo/Levenshtein/benchmarks/N1000_l24_d5/anml_remove_or/automata_0.anml,/ngAP/automata_benchmark_original/AutomataZoo/Levenshtein/benchmarks/N1000_l24_d5/inputs/10MB_B.dna
,,,,blockinggroups,Levenshtein_l37d10,,,,,600,1,,1000000,0,-1,,,,,o0-blocking_,,,,,-1,false,false,,false,54619400,1000000,,,false,10,false,false,,/ngAP/automata_benchmark_original/AutomataZoo/Levenshtein/benchmarks/N1000_l37_d10/anml_remove_or/automata_0.anml,/ngAP/automata_benchmark_original/AutomataZoo/Levenshtein/benchmarks/N1000_l37_d10/inputs/10MB_C.DNA
,,0,1,NAPgroups,Levenshtein_l37d10,,,,25600,600,1,,1000000,0,-1,,,,,o0-nonblocking-NAP_,,,,,-1,false,false,,false,54619400,1000000,,,false,10,false,false,,/ngAP/automata_benchmark_original/AutomataZoo/Levenshtein/benchmarks/N1000_l37_d10/anml_remove_or/automata_0.anml,/ngAP/automata_benchmark_original/AutomataZoo/Levenshtein/benchmarks/N1000_l37_d10/inputs/10MB_C.DNA
,,256,256,nonblockinggroups,Levenshtein_l37d10,,,,25600,600,1,,1000000,0,-1,,,,,o1-nonblocking_,,,,,-1,false,false,,false,54619400,1000000,,,false,10,false,false,,/ngAP/automata_benchmark_original/AutomataZoo/Levenshtein/benchmarks/N1000_l37_d10/anml_remove_or/automata_0.anml,/ngAP/automata_benchmark_original/AutomataZoo/Levenshtein/benchmarks/N1000_l37_d10/inputs/10MB_C.DNA
0,,256,256,nonblockingr1groups,Levenshtein_l37d10,,,,25600,600,1,,1000000,0,-1,,,,,o4-nonblocking-r1f_,,,,,-1,false,false,,false,54619400,1000000,,,false,10,false,false,,/ngAP/automata_benchmark_original/AutomataZoo/Levenshtein/benchmarks/N1000_l37_d10/anml_remove_or/automata_0.anml,/ngAP/automata_benchmark_original/AutomataZoo/Levenshtein/benchmarks/N1000_l37_d10/inputs/10MB_C.DNA
,,256,256,nonblockingpcgroups,Levenshtein_l37d10,,,true,25600,600,1,,1000000,0,-1,,,,,o3-nonblocking-p3_,,false,-1,3,-1,false,false,,false,54619400,1000000,,,false,10,false,false,,/ngAP/automata_benchmark_original/AutomataZoo/Levenshtein/benchmarks/N1000_l37_d10/anml_remove_or/automata_0.anml,/ngAP/automata_benchmark_original/AutomataZoo/Levenshtein/benchmarks/N1000_l37_d10/inputs/10MB_C.DNA
16,,256,256,nonblockingallgroups,Levenshtein_l37d10,,,true,25600,600,1,,1000000,0,-1,,,,,oa-nonblocking-all-p3r1_,,false,-1,3,-1,false,false,,false,54619400,1000000,,,false,10,false,false,,/ngAP/automata_benchmark_original/AutomataZoo/Levenshtein/benchmarks/N1000_l37_d10/anml_remove_or/automata_0.anml,/ngAP/automata_benchmark_original/AutomataZoo/Levenshtein/benchmarks/N1000_l37_d10/inputs/10MB_C.DNA
0,,256,256,nonblockingallgroups,Levenshtein_l37d10,,,true,25600,600,1,,1000000,0,-1,,,,,oa-nonblocking-all-p3r1f_,,false,-1,3,-1,false,false,,false,54619400,1000000,,,false,10,false,false,,/ngAP/automata_benchmark_original/AutomataZoo/Levenshtein/benchmarks/N1000_l37_d10/anml_remove_or/automata_0.anml,/ngAP/automata_benchmark_original/AutomataZoo/Levenshtein/benchmarks/N1000_l37_d10/inputs/10MB_C.DNA
,,,,blockinggroups,Protomata,,,,,600,1,,1000000,0,-1,,,,,o0-blocking_,,,,,72852,false,false,,false,54619400,1000000,,,false,10,false,false,,/ngAP/automata_benchmark_original/AutomataZoo/Protomata/benchmarks/anml_remove_or/automata_0.anml,/ngAP/automata_benchmark_original/AutomataZoo/Protomata/benchmarks/inputs/30k_prots.input
,,0,1,NAPgroups,Protomata,,,,25600,600,1,,1000000,0,-1,,,,,o0-nonblocking-NAP_,,,,,72852,false,false,,false,54619400,1000000,,,false,10,false,false,,/ngAP/automata_benchmark_original/AutomataZoo/Protomata/benchmarks/anml_remove_or/automata_0.anml,/ngAP/automata_benchmark_original/AutomataZoo/Protomata/benchmarks/inputs/30k_prots.input
,,256,256,nonblockinggroups,Protomata,,,,25600,600,1,,1000000,0,-1,,,,,o1-nonblocking_,,,,,72852,false,false,,false,54619400,1000000,,,false,10,false,false,,/ngAP/automata_benchmark_original/AutomataZoo/Protomata/benchmarks/anml_remove_or/automata_0.anml,/ngAP/automata_benchmark_original/AutomataZoo/Protomata/benchmarks/inputs/30k_prots.input
0,,256,256,nonblockingr1groups,Protomata,,,,25600,600,1,,1000000,0,-1,,,,,o4-nonblocking-r1f_,,,,,72852,false,false,,false,54619400,1000000,,,false,10,false,false,,/ngAP/automata_benchmark_original/AutomataZoo/Protomata/benchmarks/anml_remove_or/automata_0.anml,/ngAP/automata_benchmark_original/AutomataZoo/Protomata/benchmarks/inputs/30k_prots.input
,,256,256,nonblockingpcgroups,Protomata,,,true,25600,600,1,,1000000,0,-1,,,,,o3-nonblocking-p3_,,false,-1,3,72852,false,false,,false,54619400,1000000,,,false,10,false,false,,/ngAP/automata_benchmark_original/AutomataZoo/Protomata/benchmarks/anml_remove_or/automata_0.anml,/ngAP/automata_benchmark_original/AutomataZoo/Protomata/benchmarks/inputs/30k_prots.input
16,,256,256,nonblockingallgroups,Protomata,,,true,25600,600,1,,1000000,0,-1,,,,,oa-nonblocking-all-p3r1_,,false,-1,3,72852,false,false,,false,54619400,1000000,,,false,10,false,false,,/ngAP/automata_benchmark_original/AutomataZoo/Protomata/benchmarks/anml_remove_or/automata_0.anml,/ngAP/automata_benchmark_original/AutomataZoo/Protomata/benchmarks/inputs/30k_prots.input
0,,256,256,nonblockingallgroups,Protomata,,,true,25600,600,1,,1000000,0,-1,,,,,oa-nonblocking-all-p3r1f_,,false,-1,3,72852,false,false,,false,54619400,1000000,,,false,10,false,false,,/ngAP/automata_benchmark_original/AutomataZoo/Protomata/benchmarks/anml_remove_or/automata_0.anml,/ngAP/automata_benchmark_original/AutomataZoo/Protomata/benchmarks/inputs/30k_prots.input
,,,,blockinggroups,APPRNG4,,,,,600,1,,1000000,0,-1,,,,,o0-blocking_,,,,,500000000,false,false,,false,54619400,1000000,,,false,10,false,false,,/ngAP/automata_benchmark_original/AutomataZoo/APPRNG/benchmarks/4_sided/anml_remove_or/automata_0.anml,/ngAP/automata_benchmark_original/AutomataZoo/APPRNG/benchmarks/4_sided/inputs/10MB_A.prng
,,0,1,NAPgroups,APPRNG4,,,,25600,600,1,,1000000,0,-1,,,,,o0-nonblocking-NAP_,,,,,500000000,false,false,,false,54619400,1000000,,,false,10,false,false,,/ngAP/automata_benchmark_original/AutomataZoo/APPRNG/benchmarks/4_sided/anml_remove_or/automata_0.anml,/ngAP/automata_benchmark_original/AutomataZoo/APPRNG/benchmarks/4_sided/inputs/10MB_A.prng
,,256,256,nonblockinggroups,APPRNG4,,,,25600,600,1,,1000000,0,-1,,,,,o1-nonblocking_,,,,,500000000,false,false,,false,54619400,1000000,,,false,10,false,false,,/ngAP/automata_benchmark_original/AutomataZoo/APPRNG/benchmarks/4_sided/anml_remove_or/automata_0.anml,/ngAP/automata_benchmark_original/AutomataZoo/APPRNG/benchmarks/4_sided/inputs/10MB_A.prng
0,,256,256,nonblockingr1groups,APPRNG4,,,,25600,600,1,,1000000,0,-1,,,,,o4-nonblocking-r1f_,,,,,500000000,false,false,,false,54619400,1000000,,,false,10,false,false,,/ngAP/automata_benchmark_original/AutomataZoo/APPRNG/benchmarks/4_sided/anml_remove_or/automata_0.anml,/ngAP/automata_benchmark_original/AutomataZoo/APPRNG/benchmarks/4_sided/inputs/10MB_A.prng
,,256,256,nonblockingpcgroups,APPRNG4,,,true,25600,600,1,,1000000,0,-1,,,,,o3-nonblocking-p3_,,false,-1,3,500000000,false,false,,false,54619400,1000000,,,false,10,false,false,,/ngAP/automata_benchmark_original/AutomataZoo/APPRNG/benchmarks/4_sided/anml_remove_or/automata_0.anml,/ngAP/automata_benchmark_original/AutomataZoo/APPRNG/benchmarks/4_sided/inputs/10MB_A.prng
16,,256,256,nonblockingallgroups,APPRNG4,,,true,25600,600,1,,1000000,0,-1,,,,,oa-nonblocking-all-p3r1_,,false,-1,3,500000000,false,false,,false,54619400,1000000,,,false,10,false,false,,/ngAP/automata_benchmark_original/AutomataZoo/APPRNG/benchmarks/4_sided/anml_remove_or/automata_0.anml,/ngAP/automata_benchmark_original/AutomataZoo/APPRNG/benchmarks/4_sided/inputs/10MB_A.prng
0,,256,256,nonblockingallgroups,APPRNG4,,,true,25600,600,1,,1000000,0,-1,,,,,oa-nonblocking-all-p3r1f_,,false,-1,3,500000000,false,false,,false,54619400,1000000,,,false,10,false,false,,/ngAP/automata_benchmark_original/AutomataZoo/APPRNG/benchmarks/4_sided/anml_remove_or/automata_0.anml,/ngAP/automata_benchmark_original/AutomataZoo/APPRNG/benchmarks/4_sided/inputs/10MB_A.prng
,,,,blockinggroups,SeqMatch_BIBLE_w6_p6,,,,,600,1,,1000000,0,-1,,,,,o0-blocking_,,,,,1297900,false,false,,false,54619400,1000000,,,false,10,false,false,,/ngAP/automata_benchmark_original/AutomataZoo/SeqMatch/benchmarks/BIBLE_w6_p6/anml_remove_or/automata_0.anml,/ngAP/automata_benchmark_original/AutomataZoo/SeqMatch/benchmarks/BIBLE_w6_p6/inputs/transactions.bin
,,0,1,NAPgroups,SeqMatch_BIBLE_w6_p6,,,,25600,600,1,,1000000,0,-1,,,,,o0-nonblocking-NAP_,,,,,1297900,false,false,,false,54619400,1000000,,,false,10,false,false,,/ngAP/automata_benchmark_original/AutomataZoo/SeqMatch/benchmarks/BIBLE_w6_p6/anml_remove_or/automata_0.anml,/ngAP/automata_benchmark_original/AutomataZoo/SeqMatch/benchmarks/BIBLE_w6_p6/inputs/transactions.bin
,,256,256,nonblockinggroups,SeqMatch_BIBLE_w6_p6,,,,25600,600,1,,1000000,0,-1,,,,,o1-nonblocking_,,,,,1297900,false,false,,false,54619400,1000000,,,false,10,false,false,,/ngAP/automata_benchmark_original/AutomataZoo/SeqMatch/benchmarks/BIBLE_w6_p6/anml_remove_or/automata_0.anml,/ngAP/automata_benchmark_original/AutomataZoo/SeqMatch/benchmarks/BIBLE_w6_p6/inputs/transactions.bin
0,,256,256,nonblockingr1groups,SeqMatch_BIBLE_w6_p6,,,,25600,600,1,,1000000,0,-1,,,,,o4-nonblocking-r1f_,,,,,1297900,false,false,,false,54619400,1000000,,,false,10,false,false,,/ngAP/automata_benchmark_original/AutomataZoo/SeqMatch/benchmarks/BIBLE_w6_p6/anml_remove_or/automata_0.anml,/ngAP/automata_benchmark_original/AutomataZoo/SeqMatch/benchmarks/BIBLE_w6_p6/inputs/transactions.bin
,,256,256,nonblockingpcgroups,SeqMatch_BIBLE_w6_p6,,,true,25600,600,1,,1000000,0,-1,,,,,o3-nonblocking-p3_,,false,-1,3,1297900,false,false,,false,54619400,1000000,,,false,10,false,false,,/ngAP/automata_benchmark_original/AutomataZoo/SeqMatch/benchmarks/BIBLE_w6_p6/anml_remove_or/automata_0.anml,/ngAP/automata_benchmark_original/AutomataZoo/SeqMatch/benchmarks/BIBLE_w6_p6/inputs/transactions.bin
16,,256,256,nonblockingallgroups,SeqMatch_BIBLE_w6_p6,,,true,25600,600,1,,1000000,0,-1,,,,,oa-nonblocking-all-p3r1_,,false,-1,3,1297900,false,false,,false,54619400,1000000,,,false,10,false,false,,/ngAP/automata_benchmark_original/AutomataZoo/SeqMatch/benchmarks/BIBLE_w6_p6/anml_remove_or/automata_0.anml,/ngAP/automata_benchmark_original/AutomataZoo/SeqMatch/benchmarks/BIBLE_w6_p6/inputs/transactions.bin
0,,256,256,nonblockingallgroups,SeqMatch_BIBLE_w6_p6,,,true,25600,600,1,,1000000,0,-1,,,,,oa-nonblocking-all-p3r1f_,,false,-1,3,1297900,false,false,,false,54619400,1000000,,,false,10,false,false,,/ngAP/automata_benchmark_original/AutomataZoo/SeqMatch/benchmarks/BIBLE_w6_p6/anml_remove_or/automata_0.anml,/ngAP/automata_benchmark_original/AutomataZoo/SeqMatch/benchmarks/BIBLE_w6_p6/inputs/transactions.bin
,,,,blockinggroups,SeqMatch_BIBLE_w6_p10,,,,,600,1,,1000000,0,-1,,,,,o0-blocking_,,,,,1297900,false,false,,false,54619400,1000000,,,false,10,false,false,,/ngAP/automata_benchmark_original/AutomataZoo/SeqMatch/benchmarks/BIBLE_w6_p10/anml_remove_or/automata_0.anml,/ngAP/automata_benchmark_original/AutomataZoo/SeqMatch/benchmarks/BIBLE_w6_p10/inputs/transactions.bin
,,0,1,NAPgroups,SeqMatch_BIBLE_w6_p10,,,,25600,600,1,,1000000,0,-1,,,,,o0-nonblocking-NAP_,,,,,1297900,false,false,,false,54619400,1000000,,,false,10,false,false,,/ngAP/automata_benchmark_original/AutomataZoo/SeqMatch/benchmarks/BIBLE_w6_p10/anml_remove_or/automata_0.anml,/ngAP/automata_benchmark_original/AutomataZoo/SeqMatch/benchmarks/BIBLE_w6_p10/inputs/transactions.bin
,,256,256,nonblockinggroups,SeqMatch_BIBLE_w6_p10,,,,25600,600,1,,1000000,0,-1,,,,,o1-nonblocking_,,,,,1297900,false,false,,false,54619400,1000000,,,false,10,false,false,,/ngAP/automata_benchmark_original/AutomataZoo/SeqMatch/benchmarks/BIBLE_w6_p10/anml_remove_or/automata_0.anml,/ngAP/automata_benchmark_original/AutomataZoo/SeqMatch/benchmarks/BIBLE_w6_p10/inputs/transactions.bin
0,,256,256,nonblockingr1groups,SeqMatch_BIBLE_w6_p10,,,,25600,600,1,,1000000,0,-1,,,,,o4-nonblocking-r1f_,,,,,1297900,false,false,,false,54619400,1000000,,,false,10,false,false,,/ngAP/automata_benchmark_original/AutomataZoo/SeqMatch/benchmarks/BIBLE_w6_p10/anml_remove_or/automata_0.anml,/ngAP/automata_benchmark_original/AutomataZoo/SeqMatch/benchmarks/BIBLE_w6_p10/inputs/transactions.bin
,,256,256,nonblockingpcgroups,SeqMatch_BIBLE_w6_p10,,,true,25600,600,1,,1000000,0,-1,,,,,o3-nonblocking-p3_,,false,-1,3,1297900,false,false,,false,54619400,1000000,,,false,10,false,false,,/ngAP/automata_benchmark_original/AutomataZoo/SeqMatch/benchmarks/BIBLE_w6_p10/anml_remove_or/automata_0.anml,/ngAP/automata_benchmark_original/AutomataZoo/SeqMatch/benchmarks/BIBLE_w6_p10/inputs/transactions.bin
16,,256,256,nonblockingallgroups,SeqMatch_BIBLE_w6_p10,,,true,25600,600,1,,1000000,0,-1,,,,,oa-nonblocking-all-p3r1_,,false,-1,3,1297900,false,false,,false,54619400,1000000,,,false,10,false,false,,/ngAP/automata_benchmark_original/AutomataZoo/SeqMatch/benchmarks/BIBLE_w6_p10/anml_remove_or/automata_0.anml,/ngAP/automata_benchmark_original/AutomataZoo/SeqMatch/benchmarks/BIBLE_w6_p10/inputs/transactions.bin
0,,256,256,nonblockingallgroups,SeqMatch_BIBLE_w6_p10,,,true,25600,600,1,,1000000,0,-1,,,,,oa-nonblocking-all-p3r1f_,,false,-1,3,1297900,false,false,,false,54619400,1000000,,,false,10,false,false,,/ngAP/automata_benchmark_original/AutomataZoo/SeqMatch/benchmarks/BIBLE_w6_p10/anml_remove_or/automata_0.anml,/ngAP/automata_benchmark_original/AutomataZoo/SeqMatch/benchmarks/BIBLE_w6_p10/inputs/transactions.bin
,,,,blockinggroups,Fermi,,,,,600,1,,1000000,0,-1,,,,,o0-blocking_,,,,,90951,false,false,,false,54619400,1000000,,,true,10,false,false,,/ngAP/automata_benchmark_original/ANMLZoo/Fermi/anml_remove_or/automata_0.anml,/ngAP/automata_benchmark_original/ANMLZoo/Fermi/inputs/rp_input_10MB.input
,,0,1,NAPgroups,Fermi,,,,25600,600,1,,1000000,0,-1,,,,,o0-nonblocking-NAP_,,,,,90951,false,false,,false,54619400,1000000,,,true,10,false,false,,/ngAP/automata_benchmark_original/ANMLZoo/Fermi/anml_remove_or/automata_0.anml,/ngAP/automata_benchmark_original/ANMLZoo/Fermi/inputs/rp_input_10MB.input
,,256,256,nonblockinggroups,Fermi,,,,25600,600,1,,1000000,0,-1,,,,,o1-nonblocking_,,,,,90951,false,false,,false,54619400,1000000,,,true,10,false,false,,/ngAP/automata_benchmark_original/ANMLZoo/Fermi/anml_remove_or/automata_0.anml,/ngAP/automata_benchmark_original/ANMLZoo/Fermi/inputs/rp_input_10MB.input
0,,256,256,nonblockingr1groups,Fermi,,,,25600,600,1,,1000000,0,-1,,,,,o4-nonblocking-r1f_,,,,,90951,false,false,,false,54619400,1000000,,,true,10,false,false,,/ngAP/automata_benchmark_original/ANMLZoo/Fermi/anml_remove_or/automata_0.anml,/ngAP/automata_benchmark_original/ANMLZoo/Fermi/inputs/rp_input_10MB.input
,,256,256,nonblockingpcgroups,Fermi,,,true,25600,600,1,,1000000,0,-1,,,,,o3-nonblocking-p3_,,false,-1,3,90951,false,false,,false,54619400,1000000,,,true,10,false,false,,/ngAP/automata_benchmark_original/ANMLZoo/Fermi/anml_remove_or/automata_0.anml,/ngAP/automata_benchmark_original/ANMLZoo/Fermi/inputs/rp_input_10MB.input
0,,256,256,nonblockingallgroups,Fermi,,,true,25600,600,1,,1000000,0,-1,,,,,oa-nonblocking-all-p3r1f_,,false,-1,3,90951,false,false,,false,54619400,1000000,,,true,10,false,false,,/ngAP/automata_benchmark_original/ANMLZoo/Fermi/anml_remove_or/automata_0.anml,/ngAP/automata_benchmark_original/ANMLZoo/Fermi/inputs/rp_input_10MB.input
16,,256,256,nonblockingallgroups,Fermi,,,true,25600,600,1,,1000000,0,-1,,,,,oa-nonblocking-all-p3r1_,,false,-1,3,90951,false,false,,false,54619400,1000000,,,true,10,false,false,,/ngAP/automata_benchmark_original/ANMLZoo/Fermi/anml_remove_or/automata_0.anml,/ngAP/automata_benchmark_original/ANMLZoo/Fermi/inputs/rp_input_10MB.input
,,,,blockinggroups,YARA,,,,,600,1,,1000000,0,-1,,,,,o0-blocking_,,,,,85044,false,false,,false,54619400,1000000,,,false,10,false,false,,/ngAP/automata_benchmark_original/AutomataZoo/YARA/benchmarks/YARA/anml_remove_or/automata_0.anml,/ngAP/automata_benchmark_original/AutomataZoo/YARA/benchmarks/YARA/inputs/malware_malz2.input
,,0,1,NAPgroups,YARA,,,,25600,600,1,,1000000,0,-1,,,,,o0-nonblocking-NAP_,,,,,85044,false,false,,false,54619400,1000000,,,false,10,false,false,,/ngAP/automata_benchmark_original/AutomataZoo/YARA/benchmarks/YARA/anml_remove_or/automata_0.anml,/ngAP/automata_benchmark_original/AutomataZoo/YARA/benchmarks/YARA/inputs/malware_malz2.input
,,256,256,nonblockinggroups,YARA,,,,25600,600,1,,1000000,0,-1,,,,,o1-nonblocking_,,,,,85044,false,false,,false,54619400,1000000,,,false,10,false,false,,/ngAP/automata_benchmark_original/AutomataZoo/YARA/benchmarks/YARA/anml_remove_or/automata_0.anml,/ngAP/automata_benchmark_original/AutomataZoo/YARA/benchmarks/YARA/inputs/malware_malz2.input
0,,256,256,nonblockingr1groups,YARA,,,,25600,600,1,,1000000,0,-1,,,,,o4-nonblocking-r1f_,,,,,85044,false,false,,false,54619400,1000000,,,false,10,false,false,,/ngAP/automata_benchmark_original/AutomataZoo/YARA/benchmarks/YARA/anml_remove_or/automata_0.anml,/ngAP/automata_benchmark_original/AutomataZoo/YARA/benchmarks/YARA/inputs/malware_malz2.input
,,256,256,nonblockingpcgroups,YARA,,,true,25600,600,1,,1000000,0,-1,,,,,o3-nonblocking-p3_,,false,-1,3,85044,false,false,,false,54619400,1000000,,,false,10,false,false,,/ngAP/automata_benchmark_original/AutomataZoo/YARA/benchmarks/YARA/anml_remove_or/automata_0.anml,/ngAP/automata_benchmark_original/AutomataZoo/YARA/benchmarks/YARA/inputs/malware_malz2.input
,,256,256,nonblockingpcgroups,YARA,,,true,25600,600,1,,1000000,0,-1,,,,,o3-nonblocking-p3_,,false,-1,2,85044,false,false,,false,54619400,1000000,,,false,10,false,false,,/ngAP/automata_benchmark_original/AutomataZoo/YARA/benchmarks/YARA/anml_remove_or/automata_0.anml,/ngAP/automata_benchmark_original/AutomataZoo/YARA/benchmarks/YARA/inputs/malware_malz2.input
16,,256,256,nonblockingallgroups,YARA,,,true,25600,600,1,,1000000,0,-1,,,,,oa-nonblocking-all-p3r1_,,false,-1,3,85044,false,false,,false,54619400,1000000,,,false,10,false,false,,/ngAP/automata_benchmark_original/AutomataZoo/YARA/benchmarks/YARA/anml_remove_or/automata_0.anml,/ngAP/automata_benchmark_original/AutomataZoo/YARA/benchmarks/YARA/inputs/malware_malz2.input
0,,256,256,nonblockingallgroups,YARA,,,true,25600,600,1,,1000000,0,-1,,,,,oa-nonblocking-all-p3r1f_,,false,-1,3,85044,false,false,,false,54619400,1000000,,,false,10,false,false,,/ngAP/automata_benchmark_original/AutomataZoo/YARA/benchmarks/YARA/anml_remove_or/automata_0.anml,/ngAP/automata_benchmark_original/AutomataZoo/YARA/benchmarks/YARA/inputs/malware_malz2.input
0,,256,256,nonblockingallgroups,YARA,,,true,25600,600,1,,1000000,0,-1,,,,,oa-nonblocking-all-p3r1f_,,false,-1,2,85044,false,false,,false,54619400,1000000,,,false,10,false,false,,/ngAP/automata_benchmark_original/AutomataZoo/YARA/benchmarks/YARA/anml_remove_or/automata_0.anml,/ngAP/automata_benchmark_original/AutomataZoo/YARA/benchmarks/YARA/inputs/malware_malz2.input
16,,256,256,nonblockingallgroups,YARA,,,true,25600,600,1,,1000000,0,-1,,,,,oa-nonblocking-all-p3r1_,,false,-1,2,85044,false,false,,false,54619400,1000000,,,false,10,false,false,,/ngAP/automata_benchmark_original/AutomataZoo/YARA/benchmarks/YARA/anml_remove_or/automata_0.anml,/ngAP/automata_benchmark_original/AutomataZoo/YARA/benchmarks/YARA/inputs/malware_malz2.input
,,,,blockinggroups,Bro217,,,,,600,1,,1000000,0,-1,,,,,o0-blocking_,,,,,16956,false,false,,false,54619400,1000000,,,false,10,false,false,,/ngAP/automata_benchmark_original/Regex/Bro217/anml/bro217.anml,/ngAP/automata_benchmark_original/Regex/Bro217/inputs/Bro217_10MB_depth_s0_p0.75.trace.input
,,0,1,NAPgroups,Bro217,,,,25600,600,1,,1000000,0,-1,,,,,o0-nonblocking-NAP_,,,,,16956,false,false,,false,54619400,1000000,,,false,10,false,false,,/ngAP/automata_benchmark_original/Regex/Bro217/anml/bro217.anml,/ngAP/automata_benchmark_original/Regex/Bro217/inputs/Bro217_10MB_depth_s0_p0.75.trace.input
,,256,256,nonblockinggroups,Bro217,,,,25600,600,1,,1000000,0,-1,,,,,o1-nonblocking_,,,,,16956,false,false,,false,54619400,1000000,,,false,10,false,false,,/ngAP/automata_benchmark_original/Regex/Bro217/anml/bro217.anml,/ngAP/automata_benchmark_original/Regex/Bro217/inputs/Bro217_10MB_depth_s0_p0.75.trace.input
0,,256,256,nonblockingr1groups,Bro217,,,,25600,600,1,,1000000,0,-1,,,,,o4-nonblocking-r1f_,,,,,16956,false,false,,false,54619400,1000000,,,false,10,false,false,,/ngAP/automata_benchmark_original/Regex/Bro217/anml/bro217.anml,/ngAP/automata_benchmark_original/Regex/Bro217/inputs/Bro217_10MB_depth_s0_p0.75.trace.input
,,256,256,nonblockingpcgroups,Bro217,,,true,25600,600,1,,1000000,0,-1,,,,,o3-nonblocking-p3_,,false,-1,3,16956,false,false,,false,54619400,1000000,,,false,10,false,false,,/ngAP/automata_benchmark_original/Regex/Bro217/anml/bro217.anml,/ngAP/automata_benchmark_original/Regex/Bro217/inputs/Bro217_10MB_depth_s0_p0.75.trace.input
16,,256,256,nonblockingallgroups,Bro217,,,true,25600,600,1,,1000000,0,-1,,,,,oa-nonblocking-all-p3r1_,,false,-1,3,16956,false,false,,false,54619400,1000000,,,false,10,false,false,,/ngAP/automata_benchmark_original/Regex/Bro217/anml/bro217.anml,/ngAP/automata_benchmark_original/Regex/Bro217/inputs/Bro217_10MB_depth_s0_p0.75.trace.input
0,,256,256,nonblockingallgroups,Bro217,,,true,25600,600,1,,1000000,0,-1,,,,,oa-nonblocking-all-p3r1f_,,false,-1,3,16956,false,false,,false,54619400,1000000,,,false,10,false,false,,/ngAP/automata_benchmark_original/Regex/Bro217/anml/bro217.anml,/ngAP/automata_benchmark_original/Regex/Bro217/inputs/Bro217_10MB_depth_s0_p0.75.trace.input
,,,,blockinggroups,ExactMath,,,,,600,1,,1000000,0,-1,,,,,o0-blocking_,,,,,34,false,false,,false,54619400,1000000,,,false,10,false,false,,/ngAP/automata_benchmark_original/Regex/ExactMath/anml/exactmath.anml,/ngAP/automata_benchmark_original/Regex/ExactMath/inputs/exact-math_depth_s0_p0.75.trace.input
,,0,1,NAPgroups,ExactMath,,,,25600,600,1,,1000000,0,-1,,,,,o0-nonblocking-NAP_,,,,,34,false,false,,false,54619400,1000000,,,false,10,false,false,,/ngAP/automata_benchmark_original/Regex/ExactMath/anml/exactmath.anml,/ngAP/automata_benchmark_original/Regex/ExactMath/inputs/exact-math_depth_s0_p0.75.trace.input
,,256,256,nonblockinggroups,ExactMath,,,,25600,600,1,,1000000,0,-1,,,,,o1-nonblocking_,,,,,34,false,false,,false,54619400,1000000,,,false,10,false,false,,/ngAP/automata_benchmark_original/Regex/ExactMath/anml/exactmath.anml,/ngAP/automata_benchmark_original/Regex/ExactMath/inputs/exact-math_depth_s0_p0.75.trace.input
0,,256,256,nonblockingr1groups,ExactMath,,,,25600,600,1,,1000000,0,-1,,,,,o4-nonblocking-r1f_,,,,,34,false,false,,false,54619400,1000000,,,false,10,false,false,,/ngAP/automata_benchmark_original/Regex/ExactMath/anml/exactmath.anml,/ngAP/automata_benchmark_original/Regex/ExactMath/inputs/exact-math_depth_s0_p0.75.trace.input
,,256,256,nonblockingpcgroups,ExactMath,,,true,25600,600,1,,1000000,0,-1,,,,,o3-nonblocking-p3_,,false,-1,3,34,false,false,,false,54619400,1000000,,,false,10,false,false,,/ngAP/automata_benchmark_original/Regex/ExactMath/anml/exactmath.anml,/ngAP/automata_benchmark_original/Regex/ExactMath/inputs/exact-math_depth_s0_p0.75.trace.input
16,,256,256,nonblockingallgroups,ExactMath,,,true,25600,600,1,,1000000,0,-1,,,,,oa-nonblocking-all-p3r1_,,false,-1,3,34,false,false,,false,54619400,1000000,,,false,10,false,false,,/ngAP/automata_benchmark_original/Regex/ExactMath/anml/exactmath.anml,/ngAP/automata_benchmark_original/Regex/ExactMath/inputs/exact-math_depth_s0_p0.75.trace.input
0,,256,256,nonblockingallgroups,ExactMath,,,true,25600,600,1,,1000000,0,-1,,,,,oa-nonblocking-all-p3r1f_,,false,-1,3,34,false,false,,false,54619400,1000000,,,false,10,false,false,,/ngAP/automata_benchmark_original/Regex/ExactMath/anml/exactmath.anml,/ngAP/automata_benchmark_original/Regex/ExactMath/inputs/exact-math_depth_s0_p0.75.trace.input
,,,,blockinggroups,Ranges05,,,,,600,1,,1000000,0,-1,,,,,o0-blocking_,,,,,39,false,false,,false,54619400,1000000,,,false,10,false,false,,/ngAP/automata_benchmark_original/Regex/Ranges05/anml/ranges05.anml,/ngAP/automata_benchmark_original/Regex/Ranges05/inputs/ranges05_depth_s0_p0.75.trace.input
,,0,1,NAPgroups,Ranges05,,,,25600,600,1,,1000000,0,-1,,,,,o0-nonblocking-NAP_,,,,,39,false,false,,false,54619400,1000000,,,false,10,false,false,,/ngAP/automata_benchmark_original/Regex/Ranges05/anml/ranges05.anml,/ngAP/automata_benchmark_original/Regex/Ranges05/inputs/ranges05_depth_s0_p0.75.trace.input
,,256,256,nonblockinggroups,Ranges05,,,,25600,600,1,,1000000,0,-1,,,,,o1-nonblocking_,,,,,39,false,false,,false,54619400,1000000,,,false,10,false,false,,/ngAP/automata_benchmark_original/Regex/Ranges05/anml/ranges05.anml,/ngAP/automata_benchmark_original/Regex/Ranges05/inputs/ranges05_depth_s0_p0.75.trace.input
0,,256,256,nonblockingr1groups,Ranges05,,,,25600,600,1,,1000000,0,-1,,,,,o4-nonblocking-r1f_,,,,,39,false,false,,false,54619400,1000000,,,false,10,false,false,,/ngAP/automata_benchmark_original/Regex/Ranges05/anml/ranges05.anml,/ngAP/automata_benchmark_original/Regex/Ranges05/inputs/ranges05_depth_s0_p0.75.trace.input
,,256,256,nonblockingpcgroups,Ranges05,,,true,25600,600,1,,1000000,0,-1,,,,,o3-nonblocking-p3_,,false,-1,3,39,false,false,,false,54619400,1000000,,,false,10,false,false,,/ngAP/automata_benchmark_original/Regex/Ranges05/anml/ranges05.anml,/ngAP/automata_benchmark_original/Regex/Ranges05/inputs/ranges05_depth_s0_p0.75.trace.input
16,,256,256,nonblockingallgroups,Ranges05,,,true,25600,600,1,,1000000,0,-1,,,,,oa-nonblocking-all-p3r1_,,false,-1,3,39,false,false,,false,54619400,1000000,,,false,10,false,false,,/ngAP/automata_benchmark_original/Regex/Ranges05/anml/ranges05.anml,/ngAP/automata_benchmark_original/Regex/Ranges05/inputs/ranges05_depth_s0_p0.75.trace.input
0,,256,256,nonblockingallgroups,Ranges05,,,true,25600,600,1,,1000000,0,-1,,,,,oa-nonblocking-all-p3r1f_,,false,-1,3,39,false,false,,false,54619400,1000000,,,false,10,false,false,,/ngAP/automata_benchmark_original/Regex/Ranges05/anml/ranges05.anml,/ngAP/automata_benchmark_original/Regex/Ranges05/inputs/ranges05_depth_s0_p0.75.trace.input
,,,,blockinggroups,Ranges1,,,,,600,1,,1000000,0,-1,,,,,o0-blocking_,,,,,25,false,false,,false,54619400,1000000,,,false,10,false,false,,/ngAP/automata_benchmark_original/Regex/Ranges1/anml/ranges1.anml,/ngAP/automata_benchmark_original/Regex/Ranges1/inputs/ranges1_depth_s0_p0.75.trace.input
,,0,1,NAPgroups,Ranges1,,,,25600,600,1,,1000000,0,-1,,,,,o0-nonblocking-NAP_,,,,,25,false,false,,false,54619400,1000000,,,false,10,false,false,,/ngAP/automata_benchmark_original/Regex/Ranges1/anml/ranges1.anml,/ngAP/automata_benchmark_original/Regex/Ranges1/inputs/ranges1_depth_s0_p0.75.trace.input
,,256,256,nonblockinggroups,Ranges1,,,,25600,600,1,,1000000,0,-1,,,,,o1-nonblocking_,,,,,25,false,false,,false,54619400,1000000,,,false,10,false,false,,/ngAP/automata_benchmark_original/Regex/Ranges1/anml/ranges1.anml,/ngAP/automata_benchmark_original/Regex/Ranges1/inputs/ranges1_depth_s0_p0.75.trace.input
0,,256,256,nonblockingr1groups,Ranges1,,,,25600,600,1,,1000000,0,-1,,,,,o4-nonblocking-r1f_,,,,,25,false,false,,false,54619400,1000000,,,false,10,false,false,,/ngAP/automata_benchmark_original/Regex/Ranges1/anml/ranges1.anml,/ngAP/automata_benchmark_original/Regex/Ranges1/inputs/ranges1_depth_s0_p0.75.trace.input
,,256,256,nonblockingpcgroups,Ranges1,,,true,25600,600,1,,1000000,0,-1,,,,,o3-nonblocking-p3_,,false,-1,3,25,false,false,,false,54619400,1000000,,,false,10,false,false,,/ngAP/automata_benchmark_original/Regex/Ranges1/anml/ranges1.anml,/ngAP/automata_benchmark_original/Regex/Ranges1/inputs/ranges1_depth_s0_p0.75.trace.input
16,,256,256,nonblockingallgroups,Ranges1,,,true,25600,600,1,,1000000,0,-1,,,,,oa-nonblocking-all-p3r1_,,false,-1,3,25,false,false,,false,54619400,1000000,,,false,10,false,false,,/ngAP/automata_benchmark_original/Regex/Ranges1/anml/ranges1.anml,/ngAP/automata_benchmark_original/Regex/Ranges1/inputs/ranges1_depth_s0_p0.75.trace.input
0,,256,256,nonblockingallgroups,Ranges1,,,true,25600,600,1,,1000000,0,-1,,,,,oa-nonblocking-all-p3r1f_,,false,-1,3,25,false,false,,false,54619400,1000000,,,false,10,false,false,,/ngAP/automata_benchmark_original/Regex/Ranges1/anml/ranges1.anml,/ngAP/automata_benchmark_original/Regex/Ranges1/inputs/ranges1_depth_s0_p0.75.trace.input
,,,,blockinggroups,TCP,,,,,600,1,,1000000,0,-1,,,,,o0-blocking_,,,,,100824,false,false,,false,54619400,1000000,,,false,10,false,false,,/ngAP/automata_benchmark_original/Regex/TCP/anml/automata_0.anml,/ngAP/automata_benchmark_original/Regex/TCP/inputs/TCP_depth_s0_p0.75.trace.input
,,0,1,NAPgroups,TCP,,,,25600,600,1,,1000000,0,-1,,,,,o0-nonblocking-NAP_,,,,,100824,false,false,,false,54619400,1000000,,,false,10,false,false,,/ngAP/automata_benchmark_original/Regex/TCP/anml/automata_0.anml,/ngAP/automata_benchmark_original/Regex/TCP/inputs/TCP_depth_s0_p0.75.trace.input
,,256,256,nonblockinggroups,TCP,,,,25600,600,1,,1000000,0,-1,,,,,o1-nonblocking_,,,,,100824,false,false,,false,54619400,1000000,,,false,10,false,false,,/ngAP/automata_benchmark_original/Regex/TCP/anml/automata_0.anml,/ngAP/automata_benchmark_original/Regex/TCP/inputs/TCP_depth_s0_p0.75.trace.input
0,,256,256,nonblockingr1groups,TCP,,,,25600,600,1,,1000000,0,-1,,,,,o4-nonblocking-r1f_,,,,,100824,false,false,,false,54619400,1000000,,,false,10,false,false,,/ngAP/automata_benchmark_original/Regex/TCP/anml/automata_0.anml,/ngAP/automata_benchmark_original/Regex/TCP/inputs/TCP_depth_s0_p0.75.trace.input
,,256,256,nonblockingpcgroups,TCP,,,true,25600,600,1,,1000000,0,-1,,,,,o3-nonblocking-p3_,,false,-1,3,100824,false,false,,false,54619400,1000000,,,false,10,false,false,,/ngAP/automata_benchmark_original/Regex/TCP/anml/automata_0.anml,/ngAP/automata_benchmark_original/Regex/TCP/inputs/TCP_depth_s0_p0.75.trace.input
16,,256,256,nonblockingallgroups,TCP,,,true,25600,600,1,,1000000,0,-1,,,,,oa-nonblocking-all-p3r1_,,false,-1,3,100824,false,false,,false,54619400,1000000,,,false,10,false,false,,/ngAP/automata_benchmark_original/Regex/TCP/anml/automata_0.anml,/ngAP/automata_benchmark_original/Regex/TCP/inputs/TCP_depth_s0_p0.75.trace.input
0,,256,256,nonblockingallgroups,TCP,,,true,25600,600,1,,1000000,0,-1,,,,,oa-nonblocking-all-p3r1f_,,false,-1,3,100824,false,false,,false,54619400,1000000,,,false,10,false,false,,/ngAP/automata_benchmark_original/Regex/TCP/anml/automata_0.anml,/ngAP/automata_benchmark_original/Regex/TCP/inputs/TCP_depth_s0_p0.75.trace.input
